Title,Media URL,Pinterest board,Thumbnail,Description,Link,Publish date,Keywords
"Kreo Harpy Gaming Mouse Wired, 55g Ultra-Lightweight Mouse, Cust | Gaming Accessories Budget",https://m.media-amazon.com/images/I/51NOau2YnsL._AC_UY218_.jpg,Budget Tech And Desk Setup,,"Kreo Harpy Gaming Mouse Wired, 55g Ultra-Lightweight Mouse, Cust is today's budget pick for gaming accessories budget. Price: Rs. 549. Check the exact product page for specs, reviews and current offers. #gamingaccessoriesbudget #amazonfinds #dailyfinds #budgetshopping",https://www.amazon.in/dp/B0F43QRQRP,,"gaming accessories budget, budget pick, low, C, heuristic, post, amazon finds, daily finds"
Ant Globe 12 Wired Optical Gaming Mouse | Gaming Accessories Budget,https://m.media-amazon.com/images/I/61AGGrlMd6L._AC_UY218_.jpg,Budget Tech And Desk Setup,,"Ant Globe 12 Wired Optical Gaming Mouse is today's budget pick for gaming accessories budget. Price: Rs. 149. Check the exact product page for specs, reviews and current offers. #gamingaccessoriesbudget #amazonfinds #dailyfinds #budgetshopping",https://www.amazon.in/dp/B0GK1RGQMG,,"gaming accessories budget, budget pick, low, D, heuristic, improve, amazon finds, daily finds"
NutriPro Juicer Mixer Grinder | Mixer Grinder Best Seller,https://m.media-amazon.com/images/I/71SWv-f70VL._AC_UY218_.jpg,Trending Home Finds,,"NutriPro Juicer Mixer Grinder is today's best seller for mixer grinder best seller. Price: Rs. 1,799. Check the exact product page for specs, reviews and current offers. #mixergrinderbestseller #amazonfinds #dailyfinds #budgetshopping",https://www.amazon.in/dp/B0BM4GR6TN,,"mixer grinder best seller, best seller, medium, B, heuristic, post, amazon finds, daily finds"
Bajaj 500 Watt GX-1 Mixer Grinder | Mixer Grinder Best Seller,https://m.media-amazon.com/images/I/51RDpv5updL._AC_UY218_.jpg,Trending Home Finds,,"Bajaj 500 Watt GX-1 Mixer Grinder is today's best seller for mixer grinder best seller. Price: Rs. 2,199. Check the exact product page for specs, reviews and current offers. #mixergrinderbestseller #amazonfinds #dailyfinds #budgetshopping",https://www.amazon.in/dp/B00BMP97OC,,"mixer grinder best seller, best seller, medium, B, heuristic, post, amazon finds, daily finds"
Lifelong LLMG23 Power Pro 500-Watt Mixer Grinder | Mixer Grinder Best Seller,https://m.media-amazon.com/images/I/61wXEocUsyL._AC_UY218_.jpg,Trending Home Finds,,"Lifelong LLMG23 Power Pro 500-Watt Mixer Grinder is today's best seller for mixer grinder best seller. Price: Rs. 1,244. Check the exact product page for specs, reviews and current offers. #mixergrinderbestseller #amazonfinds #dailyfinds #budgetshopping",https://www.amazon.in/dp/B09X5C9VLK,,"mixer grinder best seller, best seller, medium, B, heuristic, post, amazon finds, daily finds"
Prestige Iris 750 Watt Mixer Grinder | Mixer Grinder Best Seller,https://m.media-amazon.com/images/I/51ZykaL8q6L._AC_UY218_.jpg,Trending Home Finds,,"Prestige Iris 750 Watt Mixer Grinder is today's best seller for mixer grinder best seller. Price: Rs. 3,249. Check the exact product page for specs, reviews and current offers. #mixergrinderbestseller #amazonfinds #dailyfinds #budgetshopping",https://www.amazon.in/dp/B08CFJBZRK,,"mixer grinder best seller, best seller, medium, B, heuristic, post, amazon finds, daily finds"
Livronic® Plastic Wet and Dry Cotton Floor Mop | Cleaning Gadgets For Home,https://m.media-amazon.com/images/I/81Vwd7bt5EL._AC_UL320_.jpg,Trending Home Finds,,"Livronic® Plastic Wet and Dry Cotton Floor Mop is today's daily trend for cleaning gadgets for home. Price: Rs. 797. Check the exact product page for specs, reviews and current offers. #cleaninggadgetsforhome #amazonfinds #dailyfinds #budgetshopping",https://www.amazon.in/dp/B092F47Y2C,,"cleaning gadgets for home, daily trend, low, B, heuristic, post, amazon finds, daily finds"
INTERNATIONAL GIFT® German Silver Brass Two Bowl | Gift Ideas Useful Products,https://m.media-amazon.com/images/I/71hEVls40vS._AC_UL320_.jpg,Viral Amazon Finds,,"INTERNATIONAL GIFT® German Silver Brass Two Bowl is today's daily trend for gift ideas useful products. Price: Rs. 390. Check the exact product page for specs, reviews and current offers. #giftideasusefulproducts #amazonfinds #dailyfinds #budgetshopping",https://www.amazon.in/dp/B07PQT3R7T,,"gift ideas useful products, daily trend, medium, C, heuristic, post, amazon finds, daily finds"
Longway Super Pro Juicer Mixer Grinder | Mixer Grinder Best Seller,https://m.media-amazon.com/images/I/71bTqkrk4yL._AC_UY218_.jpg,Trending Home Finds,,"Longway Super Pro Juicer Mixer Grinder is today's best seller for mixer grinder best seller. Price: Rs. 1,599. Check the exact product page for specs, reviews and current offers. #mixergrinderbestseller #amazonfinds #dailyfinds #budgetshopping",https://www.amazon.in/dp/B0GWCRPGDB,,"mixer grinder best seller, best seller, medium, C, heuristic, post, amazon finds, daily finds"
eo Pen Stand | Gift Ideas Useful Products,https://m.media-amazon.com/images/I/51aqm8DHdOL._AC_UL320_.jpg,Viral Amazon Finds,,"eo Pen Stand is today's daily trend for gift ideas useful products. Price: Rs. 399. Check the exact product page for specs, reviews and current offers. #giftideasusefulproducts #amazonfinds #dailyfinds #budgetshopping",https://www.amazon.in/dp/B09N9FGMH7,,"gift ideas useful products, daily trend, medium, C, heuristic, post, amazon finds, daily finds"
3 Lines Glowrite Illuminate Your Ideas! Acrylic LED Writing Boar | Gift Ideas Useful Products,https://m.media-amazon.com/images/I/81bViCwPI7L._AC_UL320_.jpg,Viral Amazon Finds,,"3 Lines Glowrite Illuminate Your Ideas! Acrylic LED Writing Boar is today's daily trend for gift ideas useful products. Price: Rs. 795. Check the exact product page for specs, reviews and current offers. #giftideasusefulproducts #amazonfinds #dailyfinds #budgetshopping",https://www.amazon.in/dp/B0CY6QKTZL,,"gift ideas useful products, daily trend, high, C, heuristic, post, amazon finds, daily finds"
Storio Rechargeable Wireless Mini Portable Bluetooth Karaoke Mac | Gift Ideas Useful Products,https://m.media-amazon.com/images/I/71hl6aKmHdL._AC_UL320_.jpg,Viral Amazon Finds,,"Storio Rechargeable Wireless Mini Portable Bluetooth Karaoke Mac is today's daily trend for gift ideas useful products. Price: Rs. 499. Check the exact product page for specs, reviews and current offers. #giftideasusefulproducts #amazonfinds #dailyfinds #budgetshopping",https://www.amazon.in/dp/B09CTQJ6FR,,"gift ideas useful products, daily trend, medium, C, heuristic, post, amazon finds, daily finds"
"Car Interior Cleaning Brush Set, Soft Microfiber Duster | Car Accessories Useful",https://m.media-amazon.com/images/I/61ZNsRezaNL._AC_UL320_.jpg,Travel And Everyday Essentials,,"Car Interior Cleaning Brush Set, Soft Microfiber Duster is today's daily trend for car accessories useful. Price: Rs. 69. Check the exact product page for specs, reviews and current offers. #caraccessoriesuseful #amazonfinds #dailyfinds #budgetshopping",https://www.amazon.in/dp/B0F8BYZ44H,,"car accessories useful, daily trend, medium, C, heuristic, post, amazon finds, daily finds"
Silicone Dish Washing Gloves | Cleaning Gadgets For Home,https://m.media-amazon.com/images/I/71HxEvbszOL._AC_UL320_.jpg,Trending Home Finds,,"Silicone Dish Washing Gloves is today's daily trend for cleaning gadgets for home. Price: Rs. 159. Check the exact product page for specs, reviews and current offers. #cleaninggadgetsforhome #amazonfinds #dailyfinds #budgetshopping",https://www.amazon.in/dp/B0F2DZW6BR,,"cleaning gadgets for home, daily trend, low, C, heuristic, post, amazon finds, daily finds"
5 PCS Microfiber Car Cleaning Kit | Car Accessories Useful,https://m.media-amazon.com/images/I/81W51oHKKvL._AC_UL320_.jpg,Travel And Everyday Essentials,,"5 PCS Microfiber Car Cleaning Kit is today's daily trend for car accessories useful. Price: Rs. 293. Check the exact product page for specs, reviews and current offers. #caraccessoriesuseful #amazonfinds #dailyfinds #budgetshopping",https://www.amazon.in/dp/B0GT5J3RB5,,"car accessories useful, daily trend, medium, C, heuristic, improve, amazon finds, daily finds"
"pTron Bassbuds Astra in-Ear TWS Earbuds w/Stereo Sound, 34Hrs Pl | Wireless Earbuds Under Budget",https://m.media-amazon.com/images/I/511a5xoskhL._AC_UY218_.jpg,Viral Amazon Finds,,"pTron Bassbuds Astra in-Ear TWS Earbuds w/Stereo Sound, 34Hrs Pl is today's budget pick for best wireless earbuds under budget. Price: Rs. 598. Check the exact product page for specs, reviews and current offers. #bestwirelessearbudsunderbudget #amazonfinds #dailyfinds #budgetshopping",https://www.amazon.in/dp/B0D78Y3KRP,,"best wireless earbuds under budget, budget pick, high, A, heuristic, post, amazon finds, daily finds"
HAMMER New Ultra pods 2026 TWS Wireless Bluetooth Earbuds | Wireless Earbuds Under Budget,https://m.media-amazon.com/images/I/51qiyGm3FqL._AC_UY218_.jpg,Viral Amazon Finds,,"HAMMER New Ultra pods 2026 TWS Wireless Bluetooth Earbuds is today's budget pick for best wireless earbuds under budget. Price: Rs. 598. Check the exact product page for specs, reviews and current offers. #bestwirelessearbudsunderbudget #amazonfinds #dailyfinds #budgetshopping",https://www.amazon.in/dp/B0F63DQ9L6,,"best wireless earbuds under budget, budget pick, high, B, heuristic, post, amazon finds, daily finds"
ASTRIDE Ergofit Ergonomic Office Chair | Office Chair Ergonomic Budget,https://m.media-amazon.com/images/I/71-TyvMTL0L._AC_UL320_.jpg,Budget Tech And Desk Setup,,"ASTRIDE Ergofit Ergonomic Office Chair is today's budget pick for office chair ergonomic budget. Price: Rs. 4,999. Check the exact product page for specs, reviews and current offers. #officechairergonomicbudget #amazonfinds #dailyfinds #budgetshopping",https://www.amazon.in/dp/B0FD8QFWCV,,"office chair ergonomic budget, budget pick, medium, B, heuristic, post, amazon finds, daily finds"
Sounce 3 in 1 Cleaning Kit Set | Laptop Accessories Best Sellers,https://m.media-amazon.com/images/I/71CFc-fYMBL._AC_UY218_.jpg,Budget Tech And Desk Setup,,"Sounce 3 in 1 Cleaning Kit Set is today's best seller for laptop accessories best sellers. Price: Rs. 139. Check the exact product page for specs, reviews and current offers. #laptopaccessoriesbestsellers #amazonfinds #dailyfinds #budgetshopping",https://www.amazon.in/dp/B0BSLRB8NJ,,"laptop accessories best sellers, best seller, medium, B, heuristic, post, amazon finds, daily finds"
"STRIFF Laptop Tabletop Stand, Adjustable Laptop Computer Stand | Laptop Accessories Best Sellers",https://m.media-amazon.com/images/I/71-z2kQ-NuL._AC_UY218_.jpg,Budget Tech And Desk Setup,,"STRIFF Laptop Tabletop Stand, Adjustable Laptop Computer Stand is today's best seller for laptop accessories best sellers. Price: Rs. 199. Check the exact product page for specs, reviews and current offers. #laptopaccessoriesbestsellers #amazonfinds #dailyfinds #budgetshopping",https://www.amazon.in/dp/B08PFSZ7FH,,"laptop accessories best sellers, best seller, medium, B, heuristic, post, amazon finds, daily finds"
"Zebronics-NS1000 Laptop Stand Featuring Foldable Design, Anti-Sl | Laptop Accessories Best Sellers",https://m.media-amazon.com/images/I/51B4emQb6yL._AC_UY218_.jpg,Budget Tech And Desk Setup,,"Zebronics-NS1000 Laptop Stand Featuring Foldable Design, Anti-Sl is today's best seller for laptop accessories best sellers. Price: Rs. 197. Check the exact product page for specs, reviews and current offers. #laptopaccessoriesbestsellers #amazonfinds #dailyfinds #budgetshopping",https://www.amazon.in/dp/B0C376RWQP,,"laptop accessories best sellers, best seller, medium, B, heuristic, post, amazon finds, daily finds"
EDNITA Mini Laptop Stand | Laptop Accessories Best Sellers,https://m.media-amazon.com/images/I/61ZejdSL77L._AC_UY218_.jpg,Budget Tech And Desk Setup,,"EDNITA Mini Laptop Stand is today's best seller for laptop accessories best sellers. Price: Rs. 198. Check the exact product page for specs, reviews and current offers. #laptopaccessoriesbestsellers #amazonfinds #dailyfinds #budgetshopping",https://www.amazon.in/dp/B0D7Z944C7,,"laptop accessories best sellers, best seller, medium, C, heuristic, post, amazon finds, daily finds"
